url,sku,pdf
https://deltachildren.com/products/harry-potter-cozee-fluffy-chair-kid-size-for-kids-up-to-10-years-old,UP83839HP-1206,
https://deltachildren.com/products/minnie-mouse-cozee-fluffy-chair-toddler-size-for-kids-up-to-6-years-old,UP83832MN-1063,
https://deltachildren.com/products/mickey-mouse-cozee-fluffy-chair-toddler-size-for-kids-up-to-6-years-old,UP83833MM-1054,
https://deltachildren.com/products/disney-princess-cozee-fluffy-chair-toddler-size-for-kids-up-to-6-years-old,UP83835PS-1034,
https://deltachildren.com/products/batman-cozee-flip-out-chair-2-in-1-convertible-chair-to-lounger-for-kids,UP83718BT-1200,
https://deltachildren.com/products/jordan-storage-changing-table,W130010-1359,https://cdn.shopify.com/s/files/1/0578/7201/files/40686-W130010_A_-Jordan_Changing_Table.pdf?v=1597156495
https://deltachildren.com/products/nolan-toybox,W101451-026,https://cdn.shopify.com/s/files/1/0578/7201/files/W101451-28540-Nolan-Toy-Box_Instruction_Manual.pdf?11701076625879735619
https://deltachildren.com/products/taylor-4-in-1-convertible-crib,W100140-026,https://cdn.shopify.com/s/files/1/0578/7201/files/28505-W100140_A_-4in1crib_87c6a710-1406-4c38-9e2b-0d74d0bd22b4.pdf?v=1597247305
https://deltachildren.com/products/canton-6-in-1-convertible-crib,W100330-026,https://cdn.shopify.com/s/files/1/0578/7201/files/29160-W112150_B_-Farmhouse-6-in-1-Convertible-Crib_Assembly_Instructions.pdf?676836
https://deltachildren.com/products/mercer-6-in-1-convertible-crib,W118140-026,https://cdn.shopify.com/s/files/1/0578/7201/files/W118140-Mercer-5-in-1-Crib_Assembly_Instructions.pdf?886255
https://deltachildren.com/products/emerson-nightstand,W551020-026,https://cdn.shopify.com/s/files/1/0578/7201/files/29347_W551020_-EmersonNightstand.pdf?851413
https://deltachildren.com/products/newborn-soothing-sleeper-bassinet,27504-434,https://cdn.shopify.com/s/files/1/0578/7201/files/27504-Newborn-Soothing-Sleeper-Bassinet_Assembly_Instructions.pdf?886282
https://deltachildren.com/products/reston-nursery-glider-swivel-rocker-chair,W512310-424,https://cdn.shopify.com/s/files/1/0578/7201/files/26706-W512310-RestonNurseryGliderSwivelRockerChair_Assembly_Instructions.pdf?8999079633349534901
https://deltachildren.com/products/perfect-sleeper-inflatable-bed-rails-for-toddlers-and-kids-with-foot-pump-2-pack,205252ST-5053,
https://deltachildren.com/products/batman-cozee-fluffy-chair-kid-size-for-kids-up-to-10-years-old,UP83837BT-1200,
https://deltachildren.com/products/spider-man-cozee-fluffy-chair-with-memory-foam-seat-kid-size-for-kids-up-to-10-years-old,UP83838SM-1163,
https://deltachildren.com/products/frozen-cozee-fluffy-chair-toddler-size-for-kids-up-to-6-years-old,UP83834FZ-1097,
https://deltachildren.com/products/baby-shark-cozee-fluffy-chair-toddler-size-for-kids-up-to-6-years-old,UP83836SH-1127,
https://deltachildren.com/products/minnie-mouse-cozee-figural-chair-toddler-size-for-kids-up-to-6-years-old,UP83782MN-1063,
https://deltachildren.com/products/tween-snuggle-chair,CTW1902-210C,https://cdn.shopify.com/s/files/1/0578/7201/files/CTW1902-5000_Snuggle_Tween_Foam_Chair_Instructions-2020-10-13.pdf?v=1602874315
https://deltachildren.com/products/perfect-sleeper-deluxe-quilted-fitted-crib-mattress-pad-100-waterproof-stain-protection-for-baby-s-crib-white,02233-NO,
https://deltachildren.com/products/jeep-adventure-all-terrain-jogger-stroller,11998-850A,https://cdn.shopify.com/s/files/1/0578/7201/files/11998-XXX-IM-Jogg-Stroll-F2-01312018.pdf?5351643840493097909
https://deltachildren.com/products/jeep-adjustable-baby-safety-gate-easy-fit-pressure-mount-design-with-walk-through-door,194280B-026,
https://deltachildren.com/products/perfectsize-3-in-1-potty-made-with-recycled-ocean-plastic,197290-5052,
https://deltachildren.com/products/perfect-sleeper-contoured-changing-pad-with-plush-cover,201270-5059,
https://deltachildren.com/products/unicorn-cozee-2-in-1-convertible-sofa-to-lounger-comfy-flip-open-couch-sleeper-for-kids,208220-5060,
https://deltachildren.com/products/cozee-2-in-1-convertible-sofa-to-lounger-comfy-flip-open-couch-sleeper-for-kids,208220-5062,https://cdn.shopify.com/s/files/1/0578/7201/files/208220W-5057-Convertible-Sofa-Instructions-2020-06-30_0160f0c5-77b4-471c-9974-edafc96d7252.pdf?v=1610821055
https://deltachildren.com/products/spaceship-cozee-2-in-1-convertible-sofa-to-lounger-comfy-flip-open-couch-sleeper-for-kids,208220-5064,https://cdn.shopify.com/s/files/1/0578/7201/files/208220W-5057-Convertible-Sofa-Instructions-2020-06-30_0160f0c5-77b4-471c-9974-edafc96d7252.pdf?v=1610821055
https://deltachildren.com/products/serta-perfect-sleeper-extra-wide-convertible-sofa-to-lounger,208220W-5057,https://cdn.shopify.com/s/files/1/0578/7201/files/208220W-5057-Convertible-Sofa-Instructions-2020-06-30.pdf?v=1608752566
https://deltachildren.com/products/cozee-2-in-1-extra-wide-convertible-sofa-to-lounger-comfy-flip-open-couch-sleeper-for-kids,208220W-5061,https://cdn.shopify.com/s/files/1/0578/7201/files/208220W-5057-Convertible-Sofa-Instructions-2020-06-30_0160f0c5-77b4-471c-9974-edafc96d7252.pdf?v=1610821055
https://deltachildren.com/products/square-36-x-36-play-yard-flare,26004-092,https://cdn.shopify.com/s/files/1/0578/7201/files/36002-26003-26004-LF40062-XXX-IM-Play_Yard_10122020.pdf?v=1602531833
https://deltachildren.com/products/cambridge-3-drawer-dresser,535030-1373,http://images.salsify.com/image/upload/s--UgAHWwDN--/qrvnezj9rjo5mglkwldo.pdf
https://deltachildren.com/products/jeep-deluxe-wrangler-wagon-stroller-with-cooler-bag-and-parent-organizer-by-delta-children,60003-2182,https://cdn.shopify.com/s/files/1/0522/6912/1736/files/60003-Jeep-Wrangler-Stroller-Wagon-IM_10052020.pdf?v=1617276025
https://deltachildren.com/products/silent-auto-gliding-elite-bassinet-1,701405-2020,https://cdn.shopify.com/s/files/1/0578/7201/files/701405-IM-AutoGlide-Assembly_Instructions.pdf?1325831019520789508
https://deltachildren.com/products/copy-of-epic-bookcase-hutch,76330-026,https://cdn.shopify.com/s/files/1/0578/7201/files/76300-epic-bookcase-hutch-assembly_instructions.pdf?14830524286826432627
https://deltachildren.com/products/teenage-mutant-ninja-turtles-infant-toddler-hangers-30-pack,95660-1117,
https://deltachildren.com/products/minnie-mouse-infant-toddler-hangers-30-pack,95669-1058,
https://deltachildren.com/products/frozen-infant-toddler-hangers-30-pack,95670-1089,
https://deltachildren.com/products/paw-patrol-infant-toddler-hangers-30-pack,95680-1121,
https://deltachildren.com/products/paw-patrol-4-piece-kids-furniture-set-storage-table-with-2-chairs-fabric-toy-box,99513PW-1121,https://cdn.shopify.com/s/files/1/0578/7201/files/RB205_-_2_PC_SET_TABLE_ASSEMBLY_INSTRUCTION_20171221_R0.pdf?15604673095370691213
https://deltachildren.com/products/frozen-ii-4-piece-playroom-solution-set-includes-table-and-2-chairs-and-6-bin-toy-organizer,99581FZ-1097,https://cdn.shopify.com/s/files/1/0578/7201/files/TB103S_-_MDF_DESIGN_AND_STORAGE_INSTRUCTIONS_US_R0_20190228.pdf?v=1602703239
https://deltachildren.com/products/disney-minnie-mouse-4-piece-playroom-solution-set-includes-table-and-2-chairs-and-6-bin-toy-organizer,99579MN-1063,https://cdn.shopify.com/s/files/1/0578/7201/files/TT137_2_CHAIR_TABLE_SET_ASSEMBLY_INSTRUCTION_20200623_R0_4.pdf?v=1605121631
https://deltachildren.com/products/minnie-mouse-playroom-solution,99487MN-1063,https://cdn.shopify.com/s/files/1/0911/1270/files/Plastic-table-and-chair_Assembly_Instructions.pdf?9281110648465773583
https://deltachildren.com/products/paw-patrol-playroom-solution,99490PW-1121,https://cdn.shopify.com/s/files/1/0911/1270/files/Plastic-table-and-chair_Assembly_Instructions.pdf?9281110648465773583
https://deltachildren.com/products/disney-mickey-mouse-4-piece-playroom-solution-set-includes-table-and-2-chairs-and-6-bin-toy-organizer,99580MM-1054,
https://deltachildren.com/products/revolve-car-seat-adapter,A1901-001,https://cdn.shopify.com/s/files/1/0578/7201/files/11898-XXX-IM-Delta-Revolve-20200810.pdf?v=1599050459
https://deltachildren.com/products/carriage-pram-add-on,A1903-2076,https://cdn.shopify.com/s/files/1/0578/7201/files/11898-XXX-IM-Delta-Revolve-20200810.pdf?v=1599050459
https://deltachildren.com/products/serta-perfect-slumber-dual-sided-recycled-fiber-core-crib-and-toddler-mattress,A41109-1101-NO,
https://deltachildren.com/products/boys-4-piece-toddler-bedding-set,B012600A-3214,
https://deltachildren.com/products/boy-4-piece-toddler-bedding-set,B012600-2200,
https://deltachildren.com/products/delta-children-nap-mat-with-included-pillow-and-blanket-for-toddlers-and-kids,B062604-2205,
https://deltachildren.com/products/mickey-mouse-baby-bather,BAT1941-5001,
https://deltachildren.com/products/baby-bather-includes-2-reclining-positions,BAT1941-5101,
https://deltachildren.com/products/low-twin-loft-bed-with-guardrail-and-ladder,BB81427GN-100,https://cdn.shopify.com/s/files/1/0578/7201/files/BW301_-_Loft_Bed_Assembly_Instruction_Lot_WB20001_WB20002.pdf?v=1610818313
https://deltachildren.com/products/disney-princess-plastic-sleep-and-play-toddler-bed-with-canopy,BB81439PS-1034,https://cdn.shopify.com/s/files/1/0578/7201/files/BB81462FZ_Toddler_Sleep_Play_with_Canopy_Assembly.pdf?v=1589575981
https://deltachildren.com/products/disney-frozen-ii-plastic-sleep-and-play-toddler-bed-with-canopy,BB81462FZ-1097,https://cdn.shopify.com/s/files/1/0578/7201/files/BB81462FZ_Toddler_Sleep_Play_with_Canopy_Assembly.pdf?v=1589575981
https://deltachildren.com/products/spongebob-squarepants-plastic-sleep-and-play-toddler-bed,BB81466SB-1112,https://cdn.shopify.com/s/files/1/0578/7201/files/BB214-Toddler_Sleep_Play_Assembly__Instruction.pdf?4503644628981289870
https://deltachildren.com/products/harry-potter-loft-bed-tent-curtain-set-for-low-twin-loft-bed-bed-sold-separately,BB81467HP-1206,https://cdn.shopify.com/s/files/1/0578/7201/files/BW602-Loft_Bed_Fabric_Assembly_Instructions_3fdd7358-d8db-4c57-b10b-e85582273d74.pdf?v=1610818500
https://deltachildren.com/products/batman-loft-bed-tent-curtain-set-for-low-twin-loft-bed-bed-sold-separately,BB81468BT-1200,https://cdn.shopify.com/s/files/1/0578/7201/files/BW602-Loft_Bed_Fabric_Assembly_Instructions_3fdd7358-d8db-4c57-b10b-e85582273d74.pdf?v=1610818500
https://deltachildren.com/products/spider-man-loft-bed-tent-curtain-set-for-low-twin-loft-bed-bed-sold-separately,BB81469SM-1163,https://cdn.shopify.com/s/files/1/0578/7201/files/BW602-Loft_Bed_Fabric_Assembly_Instructions_3fdd7358-d8db-4c57-b10b-e85582273d74.pdf?v=1610818500
https://deltachildren.com/products/jojo-siwa-loft-bed-tent-curtain-set-for-low-twin-loft-bed-bed-sold-separately,BB81470JS-1126,https://cdn.shopify.com/s/files/1/0578/7201/files/BW602-Loft_Bed_Fabric_Assembly_Instructions_3fdd7358-d8db-4c57-b10b-e85582273d74.pdf?v=1610818500
https://deltachildren.com/products/disney-princess-loft-bed-tent-curtain-set-for-low-twin-loft-bed-bed-sold-separately,BB81471PS-1034,https://cdn.shopify.com/s/files/1/0578/7201/files/BW602-Loft_Bed_Fabric_Assembly_Instructions_3fdd7358-d8db-4c57-b10b-e85582273d74.pdf?v=1610818500
https://deltachildren.com/products/weighted-blanket-for-toddlers-and-kids,BL1011-654,
https://deltachildren.com/products/minnie-mouse-baby-bather,BAT1941-5002,
https://deltachildren.com/products/personalized-foam-snuggle-chair-for-kids,EM208220-1187,
https://deltachildren.com/products/trolls-world-tour-wooden-playhouse-4-shelf-bookcase-for-kids,FL86764TR-1177,https://cdn.shopify.com/s/files/1/0578/7201/files/FL107_FL86840MNPLAYHOUSE_BOOKCASE_ASSEMBLY_INSTRUCTION_20200616_R0.pdf?v=1596214979
https://deltachildren.com/products/girls-4-piece-toddler-bedding-set,G012400A-3016,
https://deltachildren.com/products/girl-4-piece-toddler-bedding-set,G012400-2000,
https://deltachildren.com/products/contoured-changing-pad,H59455-8060-NO,
https://deltachildren.com/products/delta-children-twinkle-galaxy-dual-sided-recycled-fiber-core-crib-and-toddler-mattress,M51103-3132-NO,
https://deltachildren.com/products/disney-mickey-mouse-indoor-playhouse-with-fabric-tent-for-boys-and-girls,PH86502MM-1054,https://cdn.shopify.com/s/files/1/0578/7201/files/PH102_INDOOR_PLAYHOUSE_ASSEMBLY_INSTRUCTION_US_20200923_R0_4_8dd1085a-1ad9-4b81-b9c7-259e88f43613.pdf?v=1605122015
https://deltachildren.com/products/disney-minnie-mouse-indoor-playhouse-with-fabric-tent-for-boys-and-girls,PH86503MN-1063,https://cdn.shopify.com/s/files/1/0578/7201/files/PH102_INDOOR_PLAYHOUSE_ASSEMBLY_INSTRUCTION_US_20200923_R0_4.pdf?v=1605121911
https://deltachildren.com/products/disney-princess-indoor-playhouse-with-fabric-tent-for-boys-and-girls,PH86504PS-1034,https://cdn.shopify.com/s/files/1/0578/7201/files/PH102_INDOOR_PLAYHOUSE_ASSEMBLY_INSTRUCTION_US_20200923_R0_4.pdf?v=1605121911
https://deltachildren.com/products/marvel-spider-man-indoor-playhouse-with-fabric-tent-for-boys-and-girls,PH86505SM-1163,https://cdn.shopify.com/s/files/1/0578/7201/files/PH102_INDOOR_PLAYHOUSE_ASSEMBLY_INSTRUCTION_US_20200923_R0_4_8dd1085a-1ad9-4b81-b9c7-259e88f43613.pdf?v=1605122015
https://deltachildren.com/products/set-of-5-storage-organizers-for-dresser-drawers-closets-or-under-bed,SA2285-026,
https://deltachildren.com/products/perfectsize-3-in-1-convertible-sink-step-stool-and-bath-toy-for-kids,SK2001-5052,https://cdn.shopify.com/s/files/1/0578/7201/files/SK1971_MySize_Sink_Assembly.pdf?v=1585060807
https://deltachildren.com/products/4-pocket-organizer,SS2008-058,
https://deltachildren.com/products/6-shelf-storage-with-2-drawers,SS2060-058,
https://deltachildren.com/products/4-pocket-hanging-wall-organizer,SS2008-417,
https://deltachildren.com/products/unicorn-sit-n-play-portable-activity-seat-for-babies,ST1911-5060,
https://deltachildren.com/products/racecar-sit-n-play-portable-activity-seat-for-babies,ST1911-5067,
https://deltachildren.com/products/princess-book-toy-organizer,TB83350PS-1034,https://cdn.shopify.com/s/files/1/0578/7201/files/TB106-BOOK_TOY_ORGANIZER_ASSEMBLY_INSTRUCTION.pdf?731742734927192983
https://deltachildren.com/products/princess-deluxe-book-toy-organizer-1,TB83409PS-1034,https://cdn.shopify.com/s/files/1/0911/1270/files/deluxe-book-and-toy-organizer_Assembly_Instructions.pdf?18346034103722146185
https://deltachildren.com/products/disney-mickey-mouse-toy-and-book-organizer,TB84474MM-1054,https://cdn.shopify.com/s/files/1/0578/7201/files/TB106_BOOK_TOY_ORGANIZER_US_R1_2018-03-16.pdf?v=1596549515
https://deltachildren.com/products/frozen-ii-toy-and-book-organizer,TB87214FZ-1097,https://cdn.shopify.com/s/files/1/0578/7201/files/TB106_BOOK_TOY_ORGANIZER_US_R1_2018-03-16.pdf?v=1596549515
https://deltachildren.com/products/baby-shark-design-and-store-6-bin-toy-storage-organizer,TB87253SH-1127,https://cdn.shopify.com/s/files/1/0578/7201/files/TB103S_-_MDF_DESIGN_AND_STORAGE_INSTRUCTIONS_US_R0_20190228.pdf?v=1602703239
https://deltachildren.com/products/baby-shark-chair-desk-with-storage-bin,TC83713SH-1127,https://cdn.shopify.com/s/files/1/0578/7201/files/TC102_-_Chair_Desk_With_Storage_Bin_Assembly_Instuction_Sheet_US_R3_20190523.pdf?v=1600803806
https://deltachildren.com/products/frozen-ii-wooden-double-sided-activity-easel-with-storage,TE87555FZ-1097,https://cdn.shopify.com/s/files/1/0578/7201/files/TE106-EASEL_W_BINS_ASSEMBLY__INSTRUCTION.pdf?v=1551303259
https://deltachildren.com/products/baby-shark-kids-table-and-chair-set-with-storage,TT89013SH-1127,https://cdn.shopify.com/s/files/1/0578/7201/files/TT105_-_60X60_CM_STORAGE_TABLE_AND_CHT_ASSEMBLY_INSTRUCTION_US_20190301_R4.pdf?v=1603136741
https://deltachildren.com/products/miles-4-in-1-convertible-crib-1,W100150-184,https://cdn.shopify.com/s/files/1/0578/7201/files/29443-W100150_A_-Miles4in1Crib.pdf?v=1613428316
https://deltachildren.com/products/changing-top-w100710,W100710-130,https://cdn.shopify.com/s/files/1/0578/7201/files/40403-W100710_A_-ChangingTop.pdf?v=1604523727
https://deltachildren.com/products/homestead-table-and-chair-set-2-chairs-included,W106300-026,https://cdn.shopify.com/s/files/1/0578/7201/files/29363_W106300_-Table_2Chairs.pdf?851413
https://deltachildren.com/products/homestead-2-piece-chair-set,W106301-026,https://cdn.shopify.com/s/files/1/0578/7201/files/29364_W106301_-2ChairSet.pdf?851413
https://deltachildren.com/products/hendrix-3-drawer-dresser,W114030-1361,https://cdn.shopify.com/s/files/1/0578/7201/files/40428_W114030_-_A_Hendrix3DrawerDresser.pdf?v=1597155762
https://deltachildren.com/products/hendrix-4-in-1-convertible-crib,W114130-1361,https://cdn.shopify.com/s/files/1/0578/7201/files/29460-W114130_A_-Hendrix4in1Crib.pdf?v=1583942094
https://deltachildren.com/products/poppy-3-drawer-dresser-with-cubbies,W128031-1372,https://cdn.shopify.com/s/files/1/0578/7201/files/41237-W128031-_A_-Poppy3DrawerDresser.pdf?v=1604521703
https://deltachildren.com/products/poppy-4-in-1-convertible-crib,W128130-123,https://cdn.shopify.com/s/files/1/0522/6912/1736/files/41129-W128130_A_-Poppy4in1Crib.pdf?v=1617912186
https://deltachildren.com/products/saint-4-drawer-dresser-with-changing-top,W135040-001,https://cdn.shopify.com/s/files/1/0578/7201/files/40871-W135040-_A_-Saint4DrawerDresser.pdf?v=1604522367
https://deltachildren.com/products/saint-4-in-1-convertible-crib,W135130-001,https://cdn.shopify.com/s/files/1/0578/7201/files/40897-W135130_A_-SaintCrib.pdf?v=1613429310
https://deltachildren.com/products/asher-6-drawer-dresser-with-changing-top,W346060-1373,https://cdn.shopify.com/s/files/1/0522/6912/1736/files/41093-W346060_A_-AsherDresserwithTopper.pdf?v=1616949113
https://deltachildren.com/products/asher-6-in-1-convertible-crib-with-toddler-rail,W346150-084,https://cdn.shopify.com/s/files/1/0578/7201/files/41165-W346150_A_-Asher6in1Crib.pdf?v=1613495861
https://deltachildren.com/products/gio-mini-crib-with-included-mattress,W541550-123,https://cdn.shopify.com/s/files/1/0578/7201/files/40409-W541550_A_-GioMiniCribwithMattress.pdf?v=1604522461
https://deltachildren.com/products/ella-rocker-with-livesmart-fabric,W81043E-1419,https://cdn.shopify.com/s/files/1/0578/7201/files/41259-W81043E_A_-EllaRocker.pdf?v=1604523015
https://deltachildren.com/products/ella-ottoman-with-livesmart-fabric,W81048E-1419,https://cdn.shopify.com/s/files/1/0578/7201/files/41272-W81048E_A_-EllaOttoman.pdf?v=1613426524
https://deltachildren.com/products/sloane-4-in-1-acrylic-convertible-crib,W133130-186,https://cdn.shopify.com/s/files/1/0578/7201/files/40883-W133130_A_-Sloane4in1Crib.pdf?v=1597247865
https://deltachildren.com/products/sloane-4-drawer-dresser-with-changing-top,W133040-186,https://cdn.shopify.com/s/files/1/0578/7201/files/40849-W133040-_A_Sloane_4Drawer_Dressser.pdf?v=1602245049
