,0,urls
0,UP83839HP-1206,https://deltachildren.com/products/harry-potter-cozee-fluffy-chair-kid-size-for-kids-up-to-10-years-old
1,UP83832MN-1063,https://deltachildren.com/products/minnie-mouse-cozee-fluffy-chair-toddler-size-for-kids-up-to-6-years-old
2,UP83833MM-1054,https://deltachildren.com/products/mickey-mouse-cozee-fluffy-chair-toddler-size-for-kids-up-to-6-years-old
3,UP83835PS-1034,https://deltachildren.com/products/disney-princess-cozee-fluffy-chair-toddler-size-for-kids-up-to-6-years-old
4,200323-2327,not found
5,200323-5071,not found
6,200323-5070,not found
7,206310-5051,not found
8,UP83718BT-1200,https://deltachildren.com/products/batman-cozee-flip-out-chair-2-in-1-convertible-chair-to-lounger-for-kids
9,11381-001,not found
10,W103010-123,https://deltachildren.com/products/jordan-storage-changing-table
11,W103010-1359,https://deltachildren.com/products/jordan-storage-changing-table
12,W101454-026,https://deltachildren.com/products/nolan-toybox
13,W101454-130,https://deltachildren.com/products/nolan-toybox
14,W101454-207,https://deltachildren.com/products/taylor-4-in-1-convertible-crib
15,W100330-026,https://deltachildren.com/products/canton-6-in-1-convertible-crib
16,W100330-130,https://deltachildren.com/products/canton-6-in-1-convertible-crib
17,W100330-205,https://deltachildren.com/products/canton-6-in-1-convertible-crib
18,W100330-207,https://deltachildren.com/products/canton-6-in-1-convertible-crib
19,W118140-130,https://deltachildren.com/products/mercer-6-in-1-convertible-crib
20,W118140-026,https://deltachildren.com/products/mercer-6-in-1-convertible-crib
21,W551020-026,https://deltachildren.com/products/emerson-nightstand
22,W551020-130,https://deltachildren.com/products/emerson-nightstand
23,27504-434,https://deltachildren.com/products/newborn-soothing-sleeper-bassinet
24,W512310-743,https://deltachildren.com/products/reston-nursery-glider-swivel-rocker-chair
25,W512310-424,https://deltachildren.com/products/reston-nursery-glider-swivel-rocker-chair
26,W512310-1304,https://deltachildren.com/products/reston-nursery-glider-swivel-rocker-chair
27,206310ST-5053,https://deltachildren.com/products/perfect-sleeper-inflatable-bed-rails-for-toddlers-and-kids-with-foot-pump-2-pack
28,UP83837BT-1200,https://deltachildren.com/products/batman-cozee-fluffy-chair-kid-size-for-kids-up-to-10-years-old
29,UP83838SM-1163,https://deltachildren.com/products/spider-man-cozee-fluffy-chair-with-memory-foam-seat-kid-size-for-kids-up-to-10-years-old
30,UP83834FZ-1097,https://deltachildren.com/products/frozen-cozee-fluffy-chair-toddler-size-for-kids-up-to-6-years-old
31,UP83836SH-1127,https://deltachildren.com/products/baby-shark-cozee-fluffy-chair-toddler-size-for-kids-up-to-6-years-old
32,UP83782MN-1063,https://deltachildren.com/products/minnie-mouse-cozee-figural-chair-toddler-size-for-kids-up-to-6-years-old
33,CTD1902-5000,https://deltachildren.com/products/tween-snuggle-chair
34,CTD1902-210C,https://deltachildren.com/products/tween-snuggle-chair
35,CTD1902-2027,https://deltachildren.com/products/tween-snuggle-chair
36,CTD1902-2046,https://deltachildren.com/products/tween-snuggle-chair
37,CTD1902-5055,https://deltachildren.com/products/tween-snuggle-chair
38,CTW1903-5000,https://deltachildren.com/products/tween-snuggle-chair
39,CTW1903-210C,https://deltachildren.com/products/tween-snuggle-chair
40,CTW1903-2027,https://deltachildren.com/products/tween-snuggle-chair
41,CTW1903-2046,https://deltachildren.com/products/tween-snuggle-chair
42,CTW1903-5055,https://deltachildren.com/products/tween-snuggle-chair
43,CTW2002-2327,https://deltachildren.com/products/tween-snuggle-chair
44,CTW2002-5071,https://deltachildren.com/products/tween-snuggle-chair
45,CTW2002-5070,https://deltachildren.com/products/tween-snuggle-chair
46,02233-NO,https://deltachildren.com/products/perfect-sleeper-deluxe-quilted-fitted-crib-mattress-pad-100-waterproof-stain-protection-for-baby-s-crib-white
47,11808-001,not found
48,11998-850A,https://deltachildren.com/products/jeep-adventure-all-terrain-jogger-stroller
49,194280B-026,https://deltachildren.com/products/jeep-adjustable-baby-safety-gate-easy-fit-pressure-mount-design-with-walk-through-door
50,197290-5052,https://deltachildren.com/products/perfectsize-3-in-1-potty-made-with-recycled-ocean-plastic
51,201270-210C,not found
52,201270-5000,not found
53,201270-5057,https://deltachildren.com/products/perfect-sleeper-contoured-changing-pad-with-plush-cover
54,201270-5059,https://deltachildren.com/products/perfect-sleeper-contoured-changing-pad-with-plush-cover
55,205252ST-5053,https://deltachildren.com/products/perfect-sleeper-inflatable-bed-rails-for-toddlers-and-kids-with-foot-pump-2-pack
56,208220-5060,https://deltachildren.com/products/unicorn-cozee-2-in-1-convertible-sofa-to-lounger-comfy-flip-open-couch-sleeper-for-kids
57,208220-5061,https://deltachildren.com/products/cozee-2-in-1-convertible-sofa-to-lounger-comfy-flip-open-couch-sleeper-for-kids
58,208220-5062,https://deltachildren.com/products/cozee-2-in-1-convertible-sofa-to-lounger-comfy-flip-open-couch-sleeper-for-kids
59,208220-5064,https://deltachildren.com/products/spaceship-cozee-2-in-1-convertible-sofa-to-lounger-comfy-flip-open-couch-sleeper-for-kids
60,208220W-5057,https://deltachildren.com/products/serta-perfect-sleeper-extra-wide-convertible-sofa-to-lounger
61,208220W-5059,https://deltachildren.com/products/serta-perfect-sleeper-extra-wide-convertible-sofa-to-lounger
62,208220W-5061,https://deltachildren.com/products/cozee-2-in-1-extra-wide-convertible-sofa-to-lounger-comfy-flip-open-couch-sleeper-for-kids
63,208220W-5062,https://deltachildren.com/products/cozee-2-in-1-extra-wide-convertible-sofa-to-lounger-comfy-flip-open-couch-sleeper-for-kids
64,25503-2129,not found
65,25503-2233,not found
66,25603-2072,not found
67,25603-2234,not found
68,26004-2222,https://deltachildren.com/products/square-36-x-36-play-yard-flare
69,26201-2227,not found
70,35212-270,not found
71,535030-1373,https://deltachildren.com/products/cambridge-3-drawer-dresser
72,535030-229,https://deltachildren.com/products/cambridge-3-drawer-dresser
73,60003-2182,https://deltachildren.com/products/jeep-deluxe-wrangler-wagon-stroller-with-cooler-bag-and-parent-organizer-by-delta-children
74,701405-2020,https://deltachildren.com/products/silent-auto-gliding-elite-bassinet-1
75,76330-026,https://deltachildren.com/products/copy-of-epic-bookcase-hutch
76,76330-130,https://deltachildren.com/products/copy-of-epic-bookcase-hutch
77,76330-207,https://deltachildren.com/products/copy-of-epic-bookcase-hutch
78,95660-1117,https://deltachildren.com/products/teenage-mutant-ninja-turtles-infant-toddler-hangers-30-pack
79,95669-1058,https://deltachildren.com/products/minnie-mouse-infant-toddler-hangers-30-pack
80,95670-1089,https://deltachildren.com/products/frozen-infant-toddler-hangers-30-pack
81,95680-1121,https://deltachildren.com/products/paw-patrol-infant-toddler-hangers-30-pack
82,99613PW-1121,https://deltachildren.com/products/paw-patrol-4-piece-kids-furniture-set-storage-table-with-2-chairs-fabric-toy-box
83,99921FZ-1097,https://deltachildren.com/products/frozen-ii-4-piece-playroom-solution-set-includes-table-and-2-chairs-and-6-bin-toy-organizer
84,99921MN-1063,https://deltachildren.com/products/disney-minnie-mouse-4-piece-playroom-solution-set-includes-table-and-2-chairs-and-6-bin-toy-organizer
85,99921PW-1121,https://deltachildren.com/products/paw-patrol-4-piece-kids-furniture-set-storage-table-with-2-chairs-fabric-toy-box
86,99924MN-1063,https://deltachildren.com/products/minnie-mouse-playroom-solution
87,99924PW-1121,https://deltachildren.com/products/paw-patrol-playroom-solution
88,99925FZ-1097,https://deltachildren.com/products/frozen-ii-4-piece-playroom-solution-set-includes-table-and-2-chairs-and-6-bin-toy-organizer
89,99925MM-1054,https://deltachildren.com/products/disney-mickey-mouse-4-piece-playroom-solution-set-includes-table-and-2-chairs-and-6-bin-toy-organizer
90,99925MN-1063,https://deltachildren.com/products/disney-minnie-mouse-4-piece-playroom-solution-set-includes-table-and-2-chairs-and-6-bin-toy-organizer
91,99925PW-1121,https://deltachildren.com/products/paw-patrol-4-piece-kids-furniture-set-storage-table-with-2-chairs-fabric-toy-box
92,99926FZ-1097,https://deltachildren.com/products/frozen-ii-4-piece-playroom-solution-set-includes-table-and-2-chairs-and-6-bin-toy-organizer
93,99926MM-1054,https://deltachildren.com/products/disney-mickey-mouse-4-piece-playroom-solution-set-includes-table-and-2-chairs-and-6-bin-toy-organizer
94,99926MN-1063,https://deltachildren.com/products/disney-minnie-mouse-4-piece-playroom-solution-set-includes-table-and-2-chairs-and-6-bin-toy-organizer
95,99926PW-1121,https://deltachildren.com/products/paw-patrol-playroom-solution
96,A1901-001,https://deltachildren.com/products/revolve-car-seat-adapter
97,A1903-2076,https://deltachildren.com/products/carriage-pram-add-on
98,A1903-2077,https://deltachildren.com/products/carriage-pram-add-on
99,A41109-1101-NO,https://deltachildren.com/products/serta-perfect-slumber-dual-sided-recycled-fiber-core-crib-and-toddler-mattress
100,B012600-3213,https://deltachildren.com/products/boys-4-piece-toddler-bedding-set
101,B012600-3214,https://deltachildren.com/products/boys-4-piece-toddler-bedding-set
102,B012600-3215,https://deltachildren.com/products/boys-4-piece-toddler-bedding-set
103,B012600A-3213,https://deltachildren.com/products/boys-4-piece-toddler-bedding-set
104,B012600A-3214,https://deltachildren.com/products/boys-4-piece-toddler-bedding-set
105,B012600A-3215,https://deltachildren.com/products/boys-4-piece-toddler-bedding-set
106,B013601-2206,https://deltachildren.com/products/boy-4-piece-toddler-bedding-set
107,B062604-2205,https://deltachildren.com/products/delta-children-nap-mat-with-included-pillow-and-blanket-for-toddlers-and-kids
108,BAT1941-5010,https://deltachildren.com/products/mickey-mouse-baby-bather
109,BAT1941-5011,https://deltachildren.com/products/baby-bather-includes-2-reclining-positions
110,BAT1941-5101,https://deltachildren.com/products/baby-bather-includes-2-reclining-positions
111,BAT1941-5104,https://deltachildren.com/products/baby-bather-includes-2-reclining-positions
112,BB81427GN-100,https://deltachildren.com/products/low-twin-loft-bed-with-guardrail-and-ladder
113,BB81427GN-1216,https://deltachildren.com/products/low-twin-loft-bed-with-guardrail-and-ladder
114,BB81439PS-1034,https://deltachildren.com/products/disney-princess-plastic-sleep-and-play-toddler-bed-with-canopy
115,BB81462FZ-1097,https://deltachildren.com/products/disney-frozen-ii-plastic-sleep-and-play-toddler-bed-with-canopy
116,BB81465CR-1014,not found
117,BB81466SB-1112,https://deltachildren.com/products/spongebob-squarepants-plastic-sleep-and-play-toddler-bed
118,BB81467HP-1206,https://deltachildren.com/products/harry-potter-loft-bed-tent-curtain-set-for-low-twin-loft-bed-bed-sold-separately
119,BB81468BT-1200,https://deltachildren.com/products/batman-loft-bed-tent-curtain-set-for-low-twin-loft-bed-bed-sold-separately
120,BB81469SM-1163,https://deltachildren.com/products/spider-man-loft-bed-tent-curtain-set-for-low-twin-loft-bed-bed-sold-separately
121,BB81470JS-1126,https://deltachildren.com/products/jojo-siwa-loft-bed-tent-curtain-set-for-low-twin-loft-bed-bed-sold-separately
122,BB81471PS-1034,https://deltachildren.com/products/disney-princess-loft-bed-tent-curtain-set-for-low-twin-loft-bed-bed-sold-separately
123,BL1011-050,https://deltachildren.com/products/weighted-blanket-for-toddlers-and-kids
124,BL1011-470,https://deltachildren.com/products/weighted-blanket-for-toddlers-and-kids
125,BL1011-654,https://deltachildren.com/products/weighted-blanket-for-toddlers-and-kids
126,BT1931-5001,https://deltachildren.com/products/mickey-mouse-baby-bather
127,BT1931-5002,https://deltachildren.com/products/minnie-mouse-baby-bather
128,EM208220-1187,https://deltachildren.com/products/personalized-foam-snuggle-chair-for-kids
129,EM208220-1193,https://deltachildren.com/products/personalized-foam-snuggle-chair-for-kids
130,FL86764TR-1177,https://deltachildren.com/products/trolls-world-tour-wooden-playhouse-4-shelf-bookcase-for-kids
131,G012400-2003,https://deltachildren.com/products/girls-4-piece-toddler-bedding-set
132,G012400-3016,https://deltachildren.com/products/girls-4-piece-toddler-bedding-set
133,G012400-3017,https://deltachildren.com/products/girls-4-piece-toddler-bedding-set
134,G012400-3018,https://deltachildren.com/products/girls-4-piece-toddler-bedding-set
135,G012400A-2005,https://deltachildren.com/products/girl-4-piece-toddler-bedding-set
136,G012400A-3016,https://deltachildren.com/products/girls-4-piece-toddler-bedding-set
137,G012400A-3017,https://deltachildren.com/products/girls-4-piece-toddler-bedding-set
138,G012400A-3018,https://deltachildren.com/products/girls-4-piece-toddler-bedding-set
139,G062404-3004,https://deltachildren.com/products/delta-children-nap-mat-with-included-pillow-and-blanket-for-toddlers-and-kids
140,H59455-8060P-NO,https://deltachildren.com/products/contoured-changing-pad
141,M51103-3132-NO,https://deltachildren.com/products/delta-children-twinkle-galaxy-dual-sided-recycled-fiber-core-crib-and-toddler-mattress
142,N062802-3400,https://deltachildren.com/products/delta-children-nap-mat-with-included-pillow-and-blanket-for-toddlers-and-kids
143,PH86502MM-1054,https://deltachildren.com/products/disney-mickey-mouse-indoor-playhouse-with-fabric-tent-for-boys-and-girls
144,PH86503MN-1063,https://deltachildren.com/products/disney-minnie-mouse-indoor-playhouse-with-fabric-tent-for-boys-and-girls
145,PH86504PS-1034,https://deltachildren.com/products/disney-princess-indoor-playhouse-with-fabric-tent-for-boys-and-girls
146,PH86505SM-1163,https://deltachildren.com/products/marvel-spider-man-indoor-playhouse-with-fabric-tent-for-boys-and-girls
147,SA2295-026,https://deltachildren.com/products/set-of-5-storage-organizers-for-dresser-drawers-closets-or-under-bed
148,SA2295-160,https://deltachildren.com/products/set-of-5-storage-organizers-for-dresser-drawers-closets-or-under-bed
149,SK2001-5052,https://deltachildren.com/products/perfectsize-3-in-1-convertible-sink-step-stool-and-bath-toy-for-kids
150,SS2800-058,https://deltachildren.com/products/4-pocket-organizer
151,SS2800-250,https://deltachildren.com/products/6-shelf-storage-with-2-drawers
152,SS2800-693,https://deltachildren.com/products/4-pocket-hanging-wall-organizer
153,ST1911-5060,https://deltachildren.com/products/unicorn-sit-n-play-portable-activity-seat-for-babies
154,ST1911-5067,https://deltachildren.com/products/racecar-sit-n-play-portable-activity-seat-for-babies
155,TB83350PS-1034,https://deltachildren.com/products/princess-book-toy-organizer
156,TB83489PS-1037,https://deltachildren.com/products/princess-deluxe-book-toy-organizer-1
157,TB84474MM-1054,https://deltachildren.com/products/disney-mickey-mouse-toy-and-book-organizer
158,TB87214FZ-1097,https://deltachildren.com/products/frozen-ii-toy-and-book-organizer
159,TB87253SH-1127,https://deltachildren.com/products/baby-shark-design-and-store-6-bin-toy-storage-organizer
160,TC83713SH-1127,https://deltachildren.com/products/baby-shark-chair-desk-with-storage-bin
161,TE87555FZ-1097,https://deltachildren.com/products/frozen-ii-wooden-double-sided-activity-easel-with-storage
162,TT89013SH-1127,https://deltachildren.com/products/baby-shark-kids-table-and-chair-set-with-storage
163,W100150-1426,https://deltachildren.com/products/miles-4-in-1-convertible-crib-1
164,W100150-181,https://deltachildren.com/products/miles-4-in-1-convertible-crib-1
165,W100150-184,https://deltachildren.com/products/miles-4-in-1-convertible-crib-1
166,W100710-130,https://deltachildren.com/products/changing-top-w100710
167,W100710-1360,https://deltachildren.com/products/changing-top-w100710
168,W106300-026,https://deltachildren.com/products/homestead-table-and-chair-set-2-chairs-included
169,W106300-130,https://deltachildren.com/products/homestead-table-and-chair-set-2-chairs-included
170,W106301-026,https://deltachildren.com/products/homestead-2-piece-chair-set
171,W106301-130,https://deltachildren.com/products/homestead-2-piece-chair-set
172,W114030-1361,https://deltachildren.com/products/hendrix-3-drawer-dresser
173,W114030-186,https://deltachildren.com/products/hendrix-3-drawer-dresser
174,W114130-1361,https://deltachildren.com/products/hendrix-4-in-1-convertible-crib
175,W114130-186,https://deltachildren.com/products/hendrix-4-in-1-convertible-crib
176,W118140-026,https://deltachildren.com/products/mercer-6-in-1-convertible-crib
177,W118140-130,https://deltachildren.com/products/mercer-6-in-1-convertible-crib
178,W118140-207,https://deltachildren.com/products/mercer-6-in-1-convertible-crib
179,W128031-123,https://deltachildren.com/products/poppy-3-drawer-dresser-with-cubbies
180,W128031-1359,https://deltachildren.com/products/poppy-3-drawer-dresser-with-cubbies
181,W128031-1372,https://deltachildren.com/products/poppy-3-drawer-dresser-with-cubbies
182,W128130-123,https://deltachildren.com/products/poppy-4-in-1-convertible-crib
183,W128130-1359,https://deltachildren.com/products/poppy-4-in-1-convertible-crib
184,W128130-1372,https://deltachildren.com/products/poppy-4-in-1-convertible-crib
185,W135040-001,https://deltachildren.com/products/saint-4-drawer-dresser-with-changing-top
186,W135040-026,https://deltachildren.com/products/saint-4-drawer-dresser-with-changing-top
187,W135040-130,https://deltachildren.com/products/saint-4-drawer-dresser-with-changing-top
188,W135130-001,https://deltachildren.com/products/saint-4-in-1-convertible-crib
189,W135130-026,https://deltachildren.com/products/saint-4-in-1-convertible-crib
190,W135130-130,https://deltachildren.com/products/saint-4-in-1-convertible-crib
191,W346060-084,https://deltachildren.com/products/asher-6-drawer-dresser-with-changing-top
192,W346060-1373,https://deltachildren.com/products/asher-6-drawer-dresser-with-changing-top
193,W346150-084,https://deltachildren.com/products/asher-6-in-1-convertible-crib-with-toddler-rail
194,W346150-1373,https://deltachildren.com/products/asher-6-in-1-convertible-crib-with-toddler-rail
195,W541550-026,https://deltachildren.com/products/gio-mini-crib-with-included-mattress
196,W541550-123,https://deltachildren.com/products/gio-mini-crib-with-included-mattress
197,W541550-130,https://deltachildren.com/products/gio-mini-crib-with-included-mattress
198,W541550-1359,https://deltachildren.com/products/gio-mini-crib-with-included-mattress
199,W81043E-1419,https://deltachildren.com/products/ella-rocker-with-livesmart-fabric
200,W81043E-1420,https://deltachildren.com/products/ella-rocker-with-livesmart-fabric
201,W81043E-1421,https://deltachildren.com/products/ella-rocker-with-livesmart-fabric
202,W81048E-1419,https://deltachildren.com/products/ella-ottoman-with-livesmart-fabric
203,W81048E-1420,https://deltachildren.com/products/ella-ottoman-with-livesmart-fabric
204,W81048E-1421,https://deltachildren.com/products/ella-ottoman-with-livesmart-fabric
205,Z615130-1413,https://deltachildren.com/products/hendrix-4-in-1-convertible-crib
206,W133130-186,https://deltachildren.com/products/sloane-4-in-1-acrylic-convertible-crib
207,W133040-1413,https://deltachildren.com/products/sloane-4-drawer-dresser-with-changing-top
